{
	"credit": "Made with Blockbench",
	"parent": "builtin/generated",
	"textures": {
		"layer0": "gravestone:item/gravestone"
	},
	"display": {
		"thirdperson_righthand": {
			"translation": [0, 2.75, 0],
			"scale": [0.55, 0.55, 0.55]
		},
		"thirdperson_lefthand": {
			"translation": [0, 2.75, 0],
			"scale": [0.55, 0.55, 0.55]
		},
		"firstperson_righthand": {
			"rotation": [-35, -75, 0],
			"translation": [0.5, 2.5, 0],
			"scale": [0.65, 0.65, 0.65]
		},
		"firstperson_lefthand": {
			"rotation": [-35, -75, 0],
			"translation": [0.5, 2.5, 0],
			"scale": [0.65, 0.65, 0.65]
		},
		"ground": {
			"scale": [0.55, 0.55, 0.55]
		},
		"fixed": {
			"rotation": [0, 180, 0]
		}
	}
}