{
	"credit": "Made with Blockbench",
	"textures": {
		"1": "gravestone:block/gravstone",
		"2": "gravestone:block/coarse_dirt",
		"particle": "gravestone:block/coarse_dirt"
	},
	"elements": [
		{
			"name": "stone_base",
			"from": [1, 1, 0],
			"to": [15, 16, 2],
			"faces": {
				"north": {"uv": [16, 0, 0, 16], "texture": "#1"},
				"east": {"uv": [16, 0, 13.69524, 16], "texture": "#1"},
				"south": {"uv": [0, 0, 16, 16], "texture": "#1"},
				"west": {"uv": [2.22857, 0, 0, 16], "texture": "#1"},
				"up": {"uv": [0, 2.12381, 16, 0], "texture": "#1"},
				"down": {"uv": [0, 13.6, 16, 16], "texture": "#1"}
			}
		},
		{
			"name": "base",
			"from": [0, 0, 0],
			"to": [16, 1, 16],
			"faces": {
				"north": {"uv": [0, 14, 16, 15], "texture": "#2"},
				"east": {"uv": [0, 14, 16, 15], "texture": "#2"},
				"south": {"uv": [0, 14, 16, 15], "texture": "#2"},
				"west": {"uv": [0, 14, 16, 15], "texture": "#2"},
				"up": {"uv": [0, 0, 16, 16], "texture": "#2"},
				"down": {"uv": [0, 0, 16, 16], "texture": "#2"}
			}
		}
	]
}