{
  "processors": [
    {
      "processor_type": "minecraft:protected_blocks",
      "value": "#minecraft:features_cannot_replace"
    },
    {
      "processor_type": "repurposed_structures:spawner_randomizing_processor",
      "rs_spawner_resourcelocation": "repurposed_structures:ancient_cities/nether",
      "valid_block_light_level": {
        "min_inclusive": 0,
        "max_inclusive": 7
      }
    },
    {
      "input_block": "minecraft:polished_blackstone_brick_wall",
      "output_block": "quark:soul_sandstone_bricks_wall",
      "probability": 1,
      "processor_type": "repurposed_structures:random_replace_with_properties_processor"
    },
    {
      "input_block": "minecraft:polished_blackstone_brick_slab",
      "output_block": "quark:soul_sandstone_bricks_slab",
      "probability": 1,
      "processor_type": "repurposed_structures:random_replace_with_properties_processor"
    },
    {
      "input_block": "minecraft:polished_blackstone_brick_stairs",
      "output_block": "quark:soul_sandstone_bricks_stairs",
      "probability": 1,
      "processor_type": "repurposed_structures:random_replace_with_properties_processor"
    },
    {
      "input_block": "minecraft:polished_blackstone_bricks",
      "output_block": "quark:soul_sandstone_bricks",
      "probability": 1,
      "processor_type": "repurposed_structures:random_replace_with_properties_processor"
    },
    {
      "input_block": "minecraft:cracked_blackstone_bricks",
      "output_block": "quark:soul_sandstone_bricks",
      "probability": 1,
      "processor_type": "repurposed_structures:random_replace_with_properties_processor"
    },
    {
      "input_block": "minecraft:polished_blackstone",
      "output_block": "quark:smooth_soul_sandstone",
      "probability": 1,
      "processor_type": "repurposed_structures:random_replace_with_properties_processor"
    },
    {
      "input_block": "minecraft:polished_blackstone_stairs",
      "output_block": "quark:smooth_soul_sandstone_stairs",
      "probability": 1,
      "processor_type": "repurposed_structures:random_replace_with_properties_processor"
    },
    {
      "input_block": "minecraft:polished_blackstone_wall",
      "output_block": "quark:soul_sandstone_wall",
      "probability": 1,
      "processor_type": "repurposed_structures:random_replace_with_properties_processor"
    },
    {
      "input_block": "minecraft:lantern",
      "output_block": "minecraft:soul_lantern",
      "probability": 1,
      "processor_type": "repurposed_structures:random_replace_with_properties_processor"
    },
    {
      "input_block": "minecraft:lantern",
      "output_block": "minecraft:soul_lantern",
      "probability": 1,
      "processor_type": "repurposed_structures:random_replace_with_properties_processor"
    },
    {
      "input_block": "minecraft:red_nether_brick_stairs",
      "output_block": "minecraft:nether_brick_stairs",
      "probability": 1,
      "processor_type": "repurposed_structures:random_replace_with_properties_processor"
    },
    {
      "input_block": "minecraft:red_nether_brick_wall",
      "output_block": "minecraft:nether_brick_wall",
      "probability": 1,
      "processor_type": "repurposed_structures:random_replace_with_properties_processor"
    },
    {
      "input_block": "minecraft:red_nether_brick_slab",
      "output_block": "minecraft:nether_brick_slab",
      "probability": 1,
      "processor_type": "repurposed_structures:random_replace_with_properties_processor"
    },
    {
      "input_block": "minecraft:red_nether_bricks",
      "output_block": "minecraft:nether_bricks",
      "probability": 1,
      "processor_type": "repurposed_structures:random_replace_with_properties_processor"
    },
    {
      "input_block": "minecraft:crimson_hyphae",
      "output_block": "minecraft:soul_sand",
      "probability": 1,
      "processor_type": "repurposed_structures:random_replace_with_properties_processor"
    },
    {
      "input_block": "minecraft:crimson_planks",
      "output_block": "minecraft:nether_bricks",
      "probability": 1,
      "processor_type": "repurposed_structures:random_replace_with_properties_processor"
    },
    {
      "input_block": "minecraft:crimson_fence",
      "output_block": "minecraft:nether_brick_fence",
      "probability": 1,
      "processor_type": "repurposed_structures:random_replace_with_properties_processor"
    },
    {
      "input_block": "minecraft:warped_hyphae",
      "output_block": "minecraft:soul_soil",
      "probability": 1,
      "processor_type": "repurposed_structures:random_replace_with_properties_processor"
    },
    {
      "input_block": "minecraft:warped_trapdoor",
      "output_block": "minecraft:nether_brick_fence",
      "probability": 1,
      "processor_type": "repurposed_structures:random_replace_with_properties_processor"
    },
    {
      "input_block": "minecraft:netherrack",
      "output_block": "quark:cut_soul_sandstone",
      "probability": 1,
      "processor_type": "repurposed_structures:random_replace_with_properties_processor"
    },
    {
      "input_block": "minecraft:chiseled_nether_bricks",
      "output_block": "quark:chiseled_soul_sandstone",
      "probability": 0.5,
      "processor_type": "repurposed_structures:random_replace_with_properties_processor"
    },
    {
      "input_block": "minecraft:basalt",
      "output_block": "quark:soul_sandstone",
      "probability": 1,
      "processor_type": "repurposed_structures:random_replace_with_properties_processor"
    },
    {
      "input_block": "minecraft:smooth_basalt",
      "output_block": "quark:chiseled_soul_sandstone",
      "probability": 1,
      "processor_type": "repurposed_structures:random_replace_with_properties_processor"
    },
    {
      "input_block": "minecraft:polished_basalt",
      "output_block": "quark:cut_soul_sandstone",
      "probability": 1,
      "processor_type": "repurposed_structures:random_replace_with_properties_processor"
    },
    {
      "input_block": "minecraft:ladder",
      "output_block": "quark:crimson_ladder",
      "probability": 1,
      "processor_type": "repurposed_structures:random_replace_with_properties_processor"
    },
    {
      "input_block": "minecraft:fire",
      "output_block": "minecraft:soul_fire",
      "probability": 1,
      "processor_type": "repurposed_structures:random_replace_with_properties_processor"
    }
  ]
}
